timesteps,minutes,episodes,mean_return,mean_len,mean_gates,mean_misses,mean_carve,fall_frac
5120,0.82,10,35.8246232,301.0,0.9,3.5,4.2541533888811385,0.0
7680,1.22,10,44.15451549999999,301.0,1.7,3.2,4.173544689706998,0.0
10240,1.62,10,38.1638319,301.0,1.0,3.4,4.081294430635362,0.0
12800,2.0,10,35.352281,301.0,0.9,3.7,4.036784186388801,0.0
15360,2.4,10,38.6560031,301.0,1.1,3.3,4.309172276151033,0.0
20480,3.16,10,32.7783004,301.0,0.8,3.9,4.472593211405991,0.0
23040,3.54,10,39.7977381,301.0,1.3,3.4,4.852594922881885,0.0
25600,3.93,10,33.997839299999995,301.0,0.8,3.9,4.763019776206308,0.0
28160,4.32,10,39.2367307,301.0,1.3,3.5,5.0344785266415215,0.0
30720,4.71,10,40.856213800000006,301.0,1.3,3.3,4.9689414294459695,0.0
33280,5.1,10,33.8923806,301.0,0.9,3.9,4.928507195368188,0.0
38400,5.9,10,38.03274639999999,301.0,1.0,3.2,5.917105529826836,0.0
40960,6.28,10,34.7391775,300.6,0.8,3.7,6.428319124730971,0.1
43520,6.68,10,37.778923799999994,301.0,0.9,3.5,8.217377067117798,0.0
46080,7.07,10,37.2210139,295.9,0.9,3.2,8.255409954807114,0.2
48640,7.45,10,31.480729699999994,291.6,0.5,3.8,8.719720594018355,0.2
51200,7.85,10,41.29569669999999,301.0,1.0,3.4,9.023297753745553,0.0
53760,8.23,2,33.673062,301.0,0.5,4.0,7.332274742312972,0.0
56320,8.61,8,37.490665625,299.875,0.875,3.625,9.780498876071198,0.125
58880,9.0,10,40.1289297,294.2,1.0,3.2,10.458840125587587,0.1
61440,9.39,10,38.2807058,297.3,0.8,3.5,11.44283821664438,0.2
64000,9.77,10,34.8021317,294.5,0.5,3.7,11.504511515897468,0.2
66560,10.17,10,41.655916500000004,301.0,0.9,3.3,12.579788818069316,0.0
69120,10.55,7,33.692175142857145,293.7142857142857,0.2857142857142857,3.7142857142857144,16.191463931268746,0.2857142857142857
71680,10.93,8,38.889974124999995,280.25,0.75,3.0,17.685055383808432,0.5
74240,11.32,7,34.736844999999995,282.2857142857143,0.5714285714285714,3.0,16.49409005291502,0.2857142857142857
76800,11.71,9,42.18745299999999,297.1111111111111,0.7777777777777778,3.3333333333333335,19.708635332020986,0.1111111111111111
79360,12.09,9,46.04454044444444,299.8888888888889,0.7777777777777778,3.3333333333333335,23.893348786503147,0.1111111111111111
81920,12.49,10,45.923904,294.5,0.8,3.1,26.63446567614052,0.2
84480,12.89,10,39.4146427,281.8,0.5,3.0,27.0505767260762,0.4
87040,13.29,10,43.634600000000006,266.8,0.8,2.6,27.9405558494555,0.4
89600,13.67,9,41.508655222222224,260.3333333333333,0.6666666666666666,2.7777777777777777,30.75787410673331,0.5555555555555556
92160,14.07,10,39.59263249999999,263.8,0.5,2.5,27.838147138724462,0.6
94720,14.46,9,46.74043111111112,265.1111111111111,0.7777777777777778,2.4444444444444446,34.83478948737252,0.5555555555555556
97280,14.86,10,44.7714245,259.4,0.5,2.7,40.123417936588204,0.6
99840,15.26,12,43.813850333333335,247.0,0.5,2.3333333333333335,40.14598927674966,0.6666666666666666
102400,15.68,10,45.1139241,248.7,0.5,2.4,41.55782109033338,0.6
104960,16.1,9,53.48656511111111,254.22222222222223,0.7777777777777778,2.0,46.43676016943327,0.6666666666666666
107520,16.5,9,57.23622344444445,258.22222222222223,0.5555555555555556,2.5555555555555554,55.16315647606242,0.5555555555555556
110080,16.89,12,56.91858566666667,254.66666666666666,0.5833333333333334,2.3333333333333335,54.888306049888655,0.5833333333333334
112640,17.28,12,49.23971508333333,224.16666666666666,0.5,1.9166666666666667,49.52007948590634,0.75
115200,17.67,10,47.2785723,222.1,0.3,2.1,51.29879734439923,0.8
117760,18.06,11,64.21129345454546,242.45454545454547,0.8181818181818182,2.0,66.3720623846915,0.8181818181818182
120320,18.43,9,58.53288244444444,224.66666666666666,0.7777777777777778,1.6666666666666667,61.44054292972666,0.7777777777777778
122880,18.81,11,69.38092790909091,252.8181818181818,0.6363636363636364,2.0,72.85972286144741,0.45454545454545453
125440,19.21,13,51.69824169230769,220.46153846153845,0.3076923076923077,1.9230769230769231,58.79987756780422,0.9230769230769231
128000,19.59,9,64.1382988888889,236.44444444444446,0.5555555555555556,1.8888888888888888,75.4935921724871,0.6666666666666666
130560,19.98,13,63.59601938461538,228.15384615384616,0.5384615384615384,1.9230769230769231,73.49333776414682,0.6923076923076923
133120,20.37,8,78.324083625,253.25,0.5,2.25,89.94118504118964,0.625
135680,20.77,11,76.84819536363638,267.09090909090907,0.5454545454545454,2.272727272727273,94.0277379974887,0.45454545454545453
138240,21.17,11,68.02062172727273,231.1818181818182,0.7272727272727273,1.6363636363636365,82.74468376297146,0.7272727272727273
140800,21.56,13,69.38984653846154,235.76923076923077,0.6153846153846154,1.7692307692307692,86.73977961308074,0.6923076923076923
143360,21.94,12,61.39641625000001,212.83333333333334,0.16666666666666666,2.0833333333333335,80.58977004866546,0.8333333333333334
145920,22.33,8,78.291429875,256.875,0.5,2.125,99.25964732704793,0.625
148480,22.75,10,72.1430357,237.2,0.4,2.0,90.24003629560636,0.7
151040,23.13,12,83.79513841666666,264.9166666666667,0.5833333333333334,2.1666666666666665,107.94810326321605,0.5833333333333334
153600,23.52,10,73.7707497,229.0,0.5,1.6,96.34589569608734,0.8
156160,23.91,11,75.19128363636364,244.8181818181818,0.6363636363636364,1.7272727272727273,101.83335751020027,0.6363636363636364
158720,24.31,9,71.437138,240.55555555555554,0.1111111111111111,2.111111111111111,102.45641525092714,0.6666666666666666
161280,24.72,12,76.79495658333335,236.91666666666666,0.5833333333333334,1.5,95.98451369992473,0.75
163840,25.09,10,79.1501213,227.5,0.5,1.6,99.80181514100559,0.8
166400,25.49,13,72.72900053846155,220.0,0.38461538461538464,1.6153846153846154,98.79689231417107,0.9230769230769231
168960,25.89,10,66.77932209999999,224.7,0.2,1.4,96.36085352732837,1.0
171520,26.29,12,82.4268095,233.58333333333334,0.75,1.4166666666666667,105.71612295502665,0.6666666666666666
174080,26.7,10,81.69900019999999,243.9,0.5,1.7,112.67087202146834,0.7
176640,27.12,12,78.67936558333334,220.58333333333334,0.6666666666666666,1.0,99.74674601423173,0.8333333333333334
179200,27.49,12,77.22578716666668,230.33333333333334,0.4166666666666667,1.5,114.24263498510864,0.75
181760,27.9,10,89.0173397,251.7,0.7,1.5,119.27179179660682,0.8
184320,28.3,8,88.841656,235.375,0.125,1.875,117.77012084916667,1.0
186880,28.71,11,106.93419954545453,280.54545454545456,0.6363636363636364,2.0,142.88315212291846,0.6363636363636364
189440,29.13,9,94.08236811111111,255.0,0.2222222222222222,2.0,130.94134355554326,0.6666666666666666
192000,29.55,11,88.99331327272726,257.09090909090907,0.36363636363636365,1.5454545454545454,125.33089559435889,0.7272727272727273
194560,29.95,11,92.2571258181818,236.0909090909091,0.8181818181818182,1.0909090909090908,126.82280615805112,0.8181818181818182
197120,30.4,12,94.55411258333334,247.58333333333334,0.25,2.1666666666666665,133.56808757214648,0.75
199680,30.82,8,108.88166687500001,241.5,0.875,1.625,136.2637213389527,0.75
202240,31.25,11,95.83709681818182,227.0909090909091,0.8181818181818182,1.2727272727272727,123.72217676954233,0.8181818181818182
204800,31.66,11,106.22828809090907,252.72727272727272,0.5454545454545454,2.272727272727273,143.79758864416948,0.5454545454545454
207360,32.05,10,101.8100864,240.8,0.5,1.8,135.58612583581902,0.8
209920,32.46,11,92.88711581818183,242.54545454545453,0.18181818181818182,2.3636363636363638,133.28069222789645,0.6363636363636364
212480,32.87,9,106.78555399999999,250.66666666666666,0.8888888888888888,1.7777777777777777,144.78691620422845,0.6666666666666666
215040,33.28,12,98.38719575,238.75,0.6666666666666666,1.8333333333333333,135.56399164886486,0.75
217600,33.69,11,105.83483163636365,245.72727272727272,0.45454545454545453,2.090909090909091,136.46295128419663,0.8181818181818182
220160,34.09,10,116.9448753,265.4,0.6,2.3,153.75235728133936,0.5
222720,34.49,10,110.4997212,248.4,0.2,2.4,147.79813768532014,0.8
225280,34.89,10,105.6724743,258.8,0.7,1.9,154.3550692721855,0.6
227840,35.29,10,99.515853,231.8,0.6,1.6,131.0639207856696,0.8
230400,35.71,9,97.65774233333333,257.0,0.4444444444444444,1.8888888888888888,145.02269816259474,0.6666666666666666
232960,36.13,10,117.8343893,277.4,0.9,2.1,164.42170897061538,0.4
235520,36.55,9,115.78126277777778,262.22222222222223,0.4444444444444444,2.5555555555555554,152.83577872996446,0.5555555555555556
238080,36.96,10,116.51156590000001,271.6,0.7,2.3,164.94443738917604,0.4
240640,37.36,11,125.72387009090909,259.0,0.9090909090909091,2.0,162.96452938890008,0.5454545454545454
243200,37.76,10,120.46476730000002,259.3,0.7,2.2,158.4292356335134,0.6
245760,38.19,10,110.4432118,243.5,0.9,1.7,147.684527898257,0.8
248320,38.62,11,111.38092981818181,246.0,0.6363636363636364,2.1818181818181817,156.66109190184264,0.8181818181818182
250880,39.03,10,116.95257980000001,265.9,0.8,2.4,162.26139415156803,0.5
253440,39.43,9,124.91659933333332,273.3333333333333,1.0,2.3333333333333335,165.0586104999153,0.4444444444444444
256000,39.84,7,113.57211600000001,254.85714285714286,1.0,2.142857142857143,153.266520323954,0.42857142857142855
256960,40.0,8,110.41228275,250.5,0.375,2.625,151.09891258102743,0.625
