"bodyid","post","pre","downstream","upstream","synweight","assignedOlHex1","assignedOlHex2","flywireType","group","name","somaSide","statusLabel","superclass","type","vfbId","hemibrainType","itoleeHl","supertype","birthtime","mancBodyid","mancGroup","mancType","subclass","synonyms","class","rootSide","somaNeuromere","trumanHl","dimorphism","matchingNotes","entryNerve","mancSerial","mcnsSerial","serialMotif","fruDsx","exitNerve","receptorType","somaLocation","tosomaLocation","status","totalNtPredictions","predictedNtConfidence","predictedNt","celltypeTotalNtPredictions","celltypePredictedNt","celltypePredictedNtConfidence","consensusNt","voxels","locationType","soma","role"
10045,21592,7035,51033,21592,72625,NA,NA,"DNg100",10045,"DNg100_L","L","Prelim Roughly traced","descending_neuron","DNg100","VFB_jrmc37t0",NA,"putative_primary",NA,"early",10339,10093,"DNg100","xl","Sapkal 2024: BDN2",NA,NA,NA,NA,NA,NA,NA,NA,NA,NA,NA,NA,NA,"60784,39259,24368",NA,"Traced",7035,0.952943980693817,"acetylcholine",14507,"acetylcholine",0.954530119895935,"acetylcholine",16688976137,NA,TRUE,"afferent_command"
10056,21477,7472,55262,21477,76739,NA,NA,"DNg100",10045,"DNg100_R","R","Prelim Roughly traced","descending_neuron","DNg100","VFB_jrmc37t1",NA,"putative_primary",NA,"early",10093,10093,"DNg100","xl","Sapkal 2024: BDN2",NA,NA,NA,NA,NA,NA,NA,NA,NA,NA,NA,NA,NA,"36306,40516,24466",NA,"Traced",7472,0.956023514270782,"acetylcholine",14507,"acetylcholine",0.954530119895935,"acetylcholine",16542412146,NA,TRUE,"afferent_command"
12044,9291,1412,10436,9291,19727,NA,NA,"DNb08",12044,"DNb08(VES082)_R","R","Prelim Roughly traced","descending_neuron","DNb08","VFB_jrmc37ny","VES082","putative_primary",NA,NA,14966,13892,"DNb08","xl",NA,NA,NA,NA,NA,NA,"biological variability; not possible to distinguish a and b subtypes. VES082 and VES083 might be one type.",NA,NA,NA,NA,NA,NA,NA,"36972,27596,19208",NA,"Traced",1412,0.965794026851654,"acetylcholine",5620,"acetylcholine",0.964712619781494,"acetylcholine",3810357320,NA,TRUE,"afferent_command"
12189,9372,1432,10879,9372,20251,NA,NA,"DNb08",12044,"DNb08(VES083)_L","L","Prelim Roughly traced","descending_neuron","DNb08","VFB_jrmc37nw","VES083","putative_primary",NA,NA,13892,13892,"DNb08","xl",NA,NA,NA,NA,NA,NA,"biological variability; not possible to distinguish a and b subtypes. VES082 and VES083 might be one type.",NA,NA,NA,NA,NA,NA,NA,"60913,25464,18049",NA,"Traced",1432,0.965920031070709,"acetylcholine",5620,"acetylcholine",0.964712619781494,"acetylcholine",3754968459,NA,TRUE,"afferent_command"
12550,9378,1391,10282,9378,19660,NA,NA,"DNb08",12044,"DNb08(VES082)_L","L","Prelim Roughly traced","descending_neuron","DNb08","VFB_jrmc37nv","VES082","putative_primary",NA,NA,14061,13892,"DNb08","xl",NA,NA,NA,NA,NA,NA,"biological variability; not possible to distinguish a and b subtypes. VES082 and VES083 might be one type.",NA,NA,NA,NA,NA,NA,NA,"62260,24996,16804",NA,"Traced",1391,0.959370076656342,"acetylcholine",5620,"acetylcholine",0.964712619781494,"acetylcholine",3343434080,NA,TRUE,"afferent_command"
12075,8944,1385,10144,8944,19088,NA,NA,"DNb08",12044,"DNb08(VES083)_R","R","Prelim Roughly traced","descending_neuron","DNb08","VFB_jrmc37nx","VES083","putative_primary",NA,NA,14680,13892,"DNb08","xl",NA,NA,NA,NA,NA,NA,"biological variability; not possible to distinguish a and b subtypes. VES082 and VES083 might be one type. variability",NA,NA,NA,NA,NA,NA,NA,"36689,28353,19199",NA,"Traced",1385,0.967727363109589,"acetylcholine",5620,"acetylcholine",0.964712619781494,"acetylcholine",3737821049,NA,TRUE,"afferent_command"
800434,10051,1560,9407,10051,19458,NA,NA,NA,800434,"IN09A002_L","L","Reviewed","vnc_intrinsic","IN09A002","VFB_jrmc2qxd",NA,NA,NA,"early",10403,10380,"IN09A002","IR",NA,NA,NA,"T3","09A",NA,NA,NA,10342,800296,NA,NA,NA,NA,"61212,49328,120290",NA,"Traced",1560,0.86084657907486,"gaba",9144,"gaba",0.884436190128326,"gaba",4810385765,NA,TRUE,"intrinsic_inhibitory"
800716,9018,1520,9082,9018,18100,NA,NA,NA,800434,"IN09A002_R","R","Reviewed","vnc_intrinsic","IN09A002","VFB_jrmc2qxe",NA,NA,NA,"early",10380,10380,"IN09A002","IR",NA,NA,NA,"T3","09A",NA,NA,NA,10342,800296,NA,NA,NA,NA,"41078,46957,122629",NA,"Traced",1520,0.888146460056305,"gaba",9144,"gaba",0.884436190128326,"gaba",4797138731,NA,TRUE,"intrinsic_inhibitory"
800685,7189,1542,9590,7189,16779,NA,NA,NA,800685,"IN09A002_L","L","Reviewed","vnc_intrinsic","IN09A002","VFB_jrmc2qxf",NA,NA,NA,"early",10342,10342,"IN09A002","IR",NA,NA,NA,"T1","09A",NA,NA,NA,10342,800296,NA,NA,NA,NA,"60079,53817,64497",NA,"Traced",1542,0.88333123922348,"gaba",9144,"gaba",0.884436190128326,"gaba",4440091252,NA,TRUE,"intrinsic_inhibitory"
800896,7851,1493,8643,7851,16494,NA,NA,NA,800296,"IN09A002_R","R","Reviewed","vnc_intrinsic","IN09A002","VFB_jrmc2qxg",NA,NA,NA,"early",10630,10630,"IN09A002","IR",NA,NA,NA,"T2","09A",NA,NA,NA,10342,800296,NA,NA,NA,NA,"37150,52288,91392",NA,"Traced",1493,0.897840917110443,"gaba",9144,"gaba",0.884436190128326,"gaba",4351144509,NA,TRUE,"intrinsic_inhibitory"
800296,9507,1616,10049,9507,19556,NA,NA,NA,800296,"IN09A002_L","L","Reviewed","vnc_intrinsic","IN09A002","VFB_jrmc2qxh",NA,NA,NA,"early",10810,10630,"IN09A002","IR",NA,NA,NA,"T2","09A",NA,NA,NA,10342,800296,NA,NA,NA,NA,"62706,52392,89984",NA,"Traced",1616,0.898217976093292,"gaba",9144,"gaba",0.884436190128326,"gaba",4270647363,NA,TRUE,"intrinsic_inhibitory"
801382,5492,1413,7979,5492,13471,NA,NA,NA,800685,"IN09A002_R","R","Reviewed","vnc_intrinsic","IN09A002","VFB_jrmc2qxi",NA,NA,NA,"early",10445,10342,"IN09A002","IR",NA,NA,NA,"T1","09A",NA,NA,NA,10342,800296,NA,NA,NA,NA,"38468,49236,72844",NA,"Traced",1413,0.877769112586975,"gaba",9144,"gaba",0.884436190128326,"gaba",4436036755,NA,TRUE,"intrinsic_inhibitory"
800213,6444,1178,8365,6444,14809,NA,NA,NA,800213,"IN12B003_R","R","Reviewed","vnc_intrinsic","IN12B003","VFB_jrmc2s2t",NA,NA,NA,"early",10475,10475,"IN12B003","BR",NA,NA,NA,"T3","12B",NA,NA,NA,10370,800213,NA,NA,NA,NA,"50628,54706,125102",NA,"Traced",1178,0.885766565799713,"gaba",7886,"gaba",0.891295969486237,"gaba",4478784902,NA,TRUE,"intrinsic_inhibitory"
801085,6389,1191,8602,6389,14991,NA,NA,NA,800213,"IN12B003_L","L","Reviewed","vnc_intrinsic","IN12B003","VFB_jrmc2s2u",NA,NA,NA,"early",10508,10475,"IN12B003","BR",NA,NA,NA,"T3","12B",NA,NA,NA,10370,800213,NA,NA,NA,NA,"50883,53831,124365",NA,"Traced",1191,0.900501847267151,"gaba",7886,"gaba",0.891295969486237,"gaba",4375288800,NA,TRUE,"intrinsic_inhibitory"
902501,6067,1353,9561,6067,15628,NA,NA,NA,800827,"IN12B003_L","L","Reviewed","vnc_intrinsic","IN12B003","VFB_jrmc2s2v",NA,NA,NA,"early",10488,10488,"IN12B003","BR",NA,NA,NA,"T2","12B",NA,NA,NA,10370,800213,NA,NA,NA,NA,"50880,60760,101920",NA,"Traced",1353,0.903728544712067,"gaba",7886,"gaba",0.891295969486237,"gaba",4651994807,NA,TRUE,"intrinsic_inhibitory"
941319,5081,1334,9297,5081,14378,NA,NA,NA,800618,"IN12B003_L","L","Reviewed","vnc_intrinsic","IN12B003","VFB_jrmc2s2w",NA,NA,NA,"early",NA,10370,"IN12B003","BR",NA,NA,NA,"T1","12B",NA,NA,NA,10370,800213,NA,NA,NA,NA,"51979,62700,83619",NA,"Traced",1334,0.889051795005798,"gaba",7886,"gaba",0.891295969486237,"gaba",5180772110,NA,TRUE,"intrinsic_inhibitory"
800827,7296,1367,9743,7296,17039,NA,NA,NA,800827,"IN12B003_R","R","Reviewed","vnc_intrinsic","IN12B003","VFB_jrmc2s2x",NA,NA,NA,"early",20995,10488,"IN12B003","BR",NA,NA,NA,"T2","12B",NA,NA,NA,10370,800213,NA,NA,NA,NA,"49530,60400,102248",NA,"Traced",1367,0.89919102191925,"gaba",7886,"gaba",0.891295969486237,"gaba",5114579265,NA,TRUE,"intrinsic_inhibitory"
800618,6553,1463,10781,6553,17334,NA,NA,NA,800618,"IN12B003_R","R","Reviewed","vnc_intrinsic","IN12B003","VFB_jrmc2s2y",NA,NA,NA,"early",10390,10370,"IN12B003","BR",NA,NA,NA,"T1","12B",NA,NA,NA,10370,800213,NA,NA,NA,NA,"43252,62383,83018",NA,"Traced",1463,0.871425449848175,"gaba",7886,"gaba",0.891295969486237,"gaba",5615540884,NA,TRUE,"intrinsic_inhibitory"
801235,3531,1109,7579,3531,11110,NA,NA,NA,801235,"IN01A015_R","R","Reviewed","vnc_intrinsic","IN01A015","VFB_jrmc2v06",NA,NA,NA,"early",14767,11704,"IN01A015","CR",NA,NA,NA,"T3","01A",NA,NA,NA,11191,801235,NA,NA,NA,NA,"44166,52934,104214",NA,"Traced",1109,0.967731654644012,"acetylcholine",6343,"acetylcholine",0.966930627822876,"acetylcholine",2482818809,NA,TRUE,"intrinsic_excitatory"
802743,2572,901,5619,2572,8191,NA,NA,NA,802743,"IN01A015_R","R","Reviewed","vnc_intrinsic","IN01A015","VFB_jrmc2v07",NA,NA,NA,"early",11955,11955,"IN01A015","CR",NA,NA,NA,"T1","01A",NA,NA,NA,11191,801235,NA,NA,NA,NA,"47330,55352,69356",NA,"Traced",901,0.948893487453461,"acetylcholine",6343,"acetylcholine",0.966930627822876,"acetylcholine",2353904353,NA,TRUE,"intrinsic_excitatory"
902504,3337,1174,8229,3337,11566,NA,NA,NA,801235,"IN01A015_L","L","Reviewed","vnc_intrinsic","IN01A015","VFB_jrmc2v08",NA,NA,NA,"early",11704,11704,"IN01A015","CR",NA,NA,NA,"T3","01A",NA,NA,NA,11191,801235,NA,NA,NA,NA,"54986,54598,102998",NA,"Traced",1174,0.970598340034485,"acetylcholine",6343,"acetylcholine",0.966930627822876,"acetylcholine",2662682568,NA,TRUE,"intrinsic_excitatory"
803587,2259,890,5366,2259,7625,NA,NA,NA,802743,"IN01A015_L","L","Reviewed","vnc_intrinsic","IN01A015","VFB_jrmc2v09",NA,NA,NA,"early",11976,11955,"IN01A015","CR",NA,NA,NA,"T1","01A",NA,NA,NA,11191,801235,NA,NA,NA,NA,"53110,56324,66090",NA,"Traced",890,0.970370054244995,"acetylcholine",6343,"acetylcholine",0.966930627822876,"acetylcholine",2306301942,NA,TRUE,"intrinsic_excitatory"
801804,3188,1199,8104,3188,11292,NA,NA,NA,801804,"IN01A015_R","R","Reviewed","vnc_intrinsic","IN01A015","VFB_jrmc2v0a",NA,NA,NA,"early",11191,11191,"IN01A015","CR",NA,NA,NA,"T2","01A",NA,NA,NA,11191,801235,NA,NA,NA,NA,"40354,52291,82972",NA,"Traced",1199,0.968254625797272,"acetylcholine",6343,"acetylcholine",0.966930627822876,"acetylcholine",2915254789,NA,TRUE,"intrinsic_excitatory"
801882,2295,1070,7064,2295,9359,NA,NA,NA,801804,"IN01A015_L","L","Reviewed","vnc_intrinsic","IN01A015","VFB_jrmc2v0b",NA,NA,NA,"early",11288,11191,"IN01A015","CR",NA,NA,NA,"T2","01A",NA,NA,NA,11191,801235,NA,NA,NA,NA,"60516,52886,82424",NA,"Traced",1070,0.972920179367065,"acetylcholine",6343,"acetylcholine",0.966930627822876,"acetylcholine",2778216320,NA,TRUE,"intrinsic_excitatory"
800003,12612,2931,22026,12612,34638,NA,NA,NA,800003,"IN17A001_L","L","Reviewed","vnc_intrinsic","IN17A001","VFB_jrmc2m5i",NA,NA,NA,"early",10498,10498,"IN17A001","IR",NA,NA,NA,"T3","17A",NA,NA,NA,10072,800003,NA,NA,NA,NA,"54806,45284,105900",NA,"Traced",2931,0.969440698623657,"acetylcholine",15996,"acetylcholine",0.970731556415558,"acetylcholine",4633268857,NA,TRUE,"intrinsic_excitatory"
800114,10823,2652,20105,10823,30928,NA,NA,NA,800003,"IN17A001_R","R","Reviewed","vnc_intrinsic","IN17A001","VFB_jrmc2m5j",NA,NA,NA,"early",10558,10498,"IN17A001","IR",NA,NA,NA,"T3","17A",NA,NA,NA,10072,800003,NA,NA,NA,NA,"41861,47266,124013",NA,"Traced",2652,0.971446394920349,"acetylcholine",15996,"acetylcholine",0.970731556415558,"acetylcholine",4583136170,NA,TRUE,"intrinsic_excitatory"
800288,6440,2541,18391,6440,24831,NA,NA,NA,800173,"IN17A001_R","R","Reviewed","vnc_intrinsic","IN17A001","VFB_jrmc2m5k",NA,NA,NA,"early",10690,10690,"IN17A001","IR",NA,NA,NA,"T1","17A",NA,NA,NA,10072,800003,NA,NA,NA,NA,"45358,51301,70339",NA,"Traced",2541,0.972439050674438,"acetylcholine",15996,"acetylcholine",0.970731556415558,"acetylcholine",4865478211,NA,TRUE,"intrinsic_excitatory"
800009,11218,2809,21447,11218,32665,NA,NA,NA,800009,"IN17A001_L","L","Reviewed","vnc_intrinsic","IN17A001","VFB_jrmc2m5l",NA,NA,NA,"early",10559,10072,"IN17A001","IR",NA,NA,NA,"T2","17A",NA,NA,NA,10072,800003,NA,NA,NA,NA,"62002,47343,89003",NA,"Traced",2809,0.969558835029602,"acetylcholine",15996,"acetylcholine",0.970731556415558,"acetylcholine",4690161167,NA,TRUE,"intrinsic_excitatory"
800173,9293,2520,19283,9293,28576,NA,NA,NA,800173,"IN17A001_L","L","Reviewed","vnc_intrinsic","IN17A001","VFB_jrmc2m5m",NA,NA,NA,"early",10707,10690,"IN17A001","IR",NA,NA,NA,"T1","17A",NA,NA,NA,10072,800003,NA,NA,NA,NA,"57828,51952,65330",NA,"Traced",2520,0.968567609786987,"acetylcholine",15996,"acetylcholine",0.970731556415558,"acetylcholine",4798443988,NA,TRUE,"intrinsic_excitatory"
818556,8491,2543,19113,8491,27604,NA,NA,NA,800009,"IN17A001_R","R","Reviewed","vnc_intrinsic","IN17A001","VFB_jrmc2m5n",NA,NA,NA,"early",10072,10072,"IN17A001","IR",NA,NA,NA,"T2","17A",NA,NA,NA,10072,800003,NA,NA,NA,NA,"36676,49046,87862",NA,"Traced",2543,0.973207592964172,"acetylcholine",15996,"acetylcholine",0.970731556415558,"acetylcholine",4441885318,NA,TRUE,"intrinsic_excitatory"
800323,7899,2318,16613,7899,24512,NA,NA,NA,800323,"dPR1_R","R","Reviewed","vnc_intrinsic","dPR1","VFB_jrmc02hq",NA,NA,NA,"early",10300,10267,"dPR1","BI",NA,NA,NA,"T1","08B",NA,NA,NA,NA,NA,NA,"coexpress_high",NA,NA,"44240,53689,68351",NA,"Traced",2318,0.972224533557892,"acetylcholine",4630,"acetylcholine",0.971591770648956,"acetylcholine",5695543557,NA,TRUE,"intrinsic_excitatory"
800329,7946,2312,16295,7946,24241,NA,NA,NA,800323,"dPR1_L","L","Reviewed","vnc_intrinsic","dPR1","VFB_jrmc02hr",NA,NA,NA,"early",10267,10267,"dPR1","BI",NA,NA,NA,"T1","08B",NA,NA,NA,NA,NA,NA,"coexpress_high",NA,NA,"52628,55186,69176",NA,"Traced",2312,0.970957398414612,"acetylcholine",4630,"acetylcholine",0.971591770648956,"acetylcholine",5822161096,NA,TRUE,"intrinsic_excitatory"
