"bodyid","partner","prepost","weight"
801882,801761,1,274
801804,804025,1,273
802743,803803,1,265
801804,801768,1,255
801804,803226,1,241
902504,801148,1,212
800434,804078,1,211
801235,800504,1,209
800323,800241,1,206
801804,902492,1,192
803587,805313,1,190
800296,803086,1,189
801235,802964,1,189
800329,800917,1,188
902504,801375,1,187
801882,800962,1,183
803587,803314,1,179
801235,804078,1,176
801235,801492,1,170
801882,902719,1,170
802743,802509,1,164
800296,804025,1,154
902504,800553,1,147
902504,903643,1,145
801804,905421,1,145
800323,801292,1,142
902504,808453,1,139
902504,800290,1,130
800329,802120,1,118
801882,800776,1,116
803587,801079,1,111
902504,801090,1,109
801235,800578,1,107
801804,803086,1,107
801882,905145,1,106
800896,905235,1,105
800323,800917,1,105
800716,800316,1,104
801882,803499,1,104
800896,807395,1,101
902504,903642,1,101
801804,800541,1,101
800896,812872,1,98
801882,807395,1,94
800329,800241,1,94
800329,801292,1,89
800296,903689,1,88
801235,800851,1,88
801235,800175,1,88
802743,803412,1,86
800323,802120,1,86
800896,801946,1,84
902504,902962,1,84
902504,801267,1,82
800434,802215,1,81
800716,800290,1,79
818556,803499,1,78
801882,802521,1,77
800716,816022,1,76
800896,803499,1,75
802743,802361,1,63
801382,803698,1,62
800009,800541,1,62
800685,801685,1,61
802743,801915,1,61
800329,800190,1,59
800896,905145,1,58
800329,903852,1,58
800685,813480,1,57
800296,800541,1,57
800114,800553,1,54
800896,814983,1,49
800896,805568,1,49
801804,803704,1,49
800896,810720,1,48
902504,905661,1,48
803587,808011,1,47
801382,808011,1,46
801235,801715,1,46
902504,816022,1,45
800685,803803,1,44
902504,800158,1,44
800323,801021,1,44
801085,800158,1,42
800003,800175,1,42
800323,800606,1,41
902501,801058,1,39
800296,802232,1,38
902501,801057,1,38
803587,805410,1,38
800323,801220,1,38
800434,802964,1,37
800296,825681,1,37
800685,807281,1,35
803587,838321,1,34
800685,807906,1,33
801235,902310,1,33
800003,802731,1,33
800685,806923,1,32
800716,801637,1,31
800716,903643,1,31
800716,815097,1,31
802743,807906,1,31
801804,904657,1,31
800434,902310,1,30
902504,907256,1,30
801382,815854,1,29
801382,805313,1,28
800114,801335,1,28
800434,824104,1,27
800716,813629,1,27
800685,822047,1,27
800685,816215,1,27
800296,907422,1,27
800296,803226,1,27
800434,912694,1,26
800716,914852,1,26
800296,909078,1,25
800329,800606,1,25
800173,806599,1,24
800323,903852,1,24
800685,819278,1,23
800685,816404,1,23
801382,805745,1,23
801382,801918,1,23
801235,828978,1,23
801804,909078,1,23
800114,800158,1,23
800685,817655,1,22
800896,817681,1,22
801382,1057471940,1,22
902501,824315,1,22
800896,905559,1,21
800896,905236,1,21
800896,817990,1,21
800896,814942,1,21
800896,803523,1,21
800296,802407,1,21
800685,1050335829,1,20
801085,905928,1,20
801804,805477,1,20
801882,903844,1,20
800323,803589,1,20
800716,804741,1,19
800296,819674,1,19
902501,928579,1,19
801882,802864,1,19
800716,805511,1,18
800896,812531,1,18
802743,1050335829,1,18
800323,800637,1,18
800716,801375,1,17
803587,811652,1,17
800329,800637,1,17
800329,801021,1,17
800716,905661,1,16
800685,909618,1,16
801382,804245,1,16
801235,840981,1,16
902504,905849,1,16
800434,1050272154,1,15
800716,905586,1,15
800685,822274,1,15
800685,818553,1,15
800685,813696,1,15
800896,819203,1,15
800296,908094,1,15
800296,820632,1,15
800296,800589,1,15
801382,804343,1,15
800827,801234,1,15
800618,1050111955,1,15
818556,903844,1,15
800323,800190,1,15
800716,800553,1,14
802743,808640,1,14
800173,815344,1,14
800716,801932,1,13
800685,819869,1,13
800896,907848,1,13
800896,856359,1,13
800009,803086,1,13
818556,902719,1,13
818556,801058,1,13
800329,801220,1,13
800434,817374,1,12
800685,928688,1,12
800896,909371,1,12
800896,903844,1,12
800296,927828,1,12
801235,1050272154,1,12
801235,802215,1,12
800009,825681,1,12
800434,807813,1,11
800716,809304,1,11
800896,905487,1,11
800296,895449,1,11
902504,1050938258,1,11
801804,1050046221,1,11
800003,801335,1,11
800434,823405,1,10
800716,1050202461,1,10
800716,939950,1,10
800296,821494,1,10
800618,807165,1,10
902504,905792,1,10
800114,914852,1,10
800114,802731,1,10
800173,800061,1,10
800329,802837,1,10
800434,809604,1,9
800434,800175,1,9
800716,1050938258,1,9
800685,867630,1,9
800296,805477,1,9
902501,907387,1,9
801804,903508,1,9
800288,903153,1,9
818556,824315,1,9
800323,801185,1,9
800685,911453,1,8
800296,1050046221,1,8
800296,811400,1,8
801382,1050306082,1,8
801382,818842,1,8
801085,807640,1,8
801235,812953,1,8
802743,802552,1,8
902504,800316,1,8
803587,813566,1,8
801804,903689,1,8
801804,803480,1,8
800288,811652,1,8
800009,903508,1,8
800173,903298,1,8
800434,1050730563,1,7
800685,1050403926,1,7
800685,911134,1,7
800685,806489,1,7
800296,1050151215,1,7
800213,800504,1,7
800618,919509,1,7
801235,816501,1,7
801235,807160,1,7
803587,924716,1,7
801882,856359,1,7
800003,800578,1,7
800114,806943,1,7
800288,806898,1,7
800288,803314,1,7
800009,1050046221,1,7
800009,803829,1,7
818556,905487,1,7
818556,801477,1,7
800323,801949,1,7
800329,800906,1,7
800434,828978,1,6
800434,802251,1,6
800716,800358,1,6
800685,1050660827,1,6
800685,919509,1,6
800896,910095,1,6
800896,824997,1,6
800296,907443,1,6
800296,813603,1,6
801382,1050126678,1,6
801382,1050013851,1,6
801382,860084,1,6
801382,801469,1,6
800827,1050669248,1,6
800827,903158,1,6
803587,810535,1,6
801804,802407,1,6
801804,801234,1,6
801882,814942,1,6
800114,905928,1,6
800288,818719,1,6
800009,903159,1,6
800009,820632,1,6
800173,805598,1,6
800173,802509,1,6
818556,801057,1,6
800434,876504,1,5
800434,1050233038,1,5
800434,1050123559,1,5
800434,1050080384,1,5
800716,802252,1,5
800716,1050160514,1,5
800716,914837,1,5
800685,806599,1,5
800685,802509,1,5
800296,803829,1,5
801382,1050248133,1,5
801382,803314,1,5
800827,903159,1,5
800618,815344,1,5
801235,804514,1,5
802743,806599,1,5
801804,924167,1,5
801804,813603,1,5
800009,801234,1,5
800434,822252,1,4
800716,1059707690,1,4
800716,1050203465,1,4
800716,1050091102,1,4
800716,1050013311,1,4
800685,910334,1,4
800685,821291,1,4
800896,1052521030,1,4
800896,1050673969,1,4
800896,802864,1,4
800296,824689,1,4
800296,816018,1,4
801085,801090,1,4
800827,904657,1,4
800827,822185,1,4
800618,903298,1,4
800618,810541,1,4
802743,812111,1,4
802743,804941,1,4
802743,804851,1,4
902504,914852,1,4
902504,840740,1,4
803587,806898,1,4
800003,858248,1,4
800114,1050174251,1,4
800288,805745,1,4
800288,803830,1,4
800288,801824,1,4
800009,802232,1,4
800173,910334,1,4
818556,924142,1,4
818556,807395,1,4
800323,802837,1,4
800329,800899,1,4
800434,890541,1,3
800434,801548,1,3
800434,800875,1,3
800434,800504,1,3
800434,929376,1,3
800716,806943,1,3
800716,907256,1,3
800716,852881,1,3
800685,903298,1,3
800685,815344,1,3
800685,815246,1,3
800685,802361,1,3
800896,867926,1,3
800896,840530,1,3
800896,800962,1,3
800296,905421,1,3
800296,903508,1,3
800296,821375,1,3
801382,1050380236,1,3
801382,817347,1,3
800213,801548,1,3
800213,800851,1,3
801085,852881,1,3
902501,800230,1,3
902501,909255,1,3
941319,817640,1,3
800618,808640,1,3
800618,803237,1,3
802743,803237,1,3
802743,801685,1,3
902504,815097,1,3
902504,809935,1,3
803587,818842,1,3
801882,840530,1,3
800003,818399,1,3
800114,801090,1,3
800009,826996,1,3
800009,803480,1,3
800009,800589,1,3
800173,822274,1,3
800173,803237,1,3
818556,824997,1,3
800323,800899,1,3
800329,803589,1,3
800434,858248,1,2
800434,857751,1,2
800434,805255,1,2
800434,802731,1,2
800434,801736,1,2
800434,934519,1,2
800716,808453,1,2
800716,807854,1,2
800716,805326,1,2
800716,803717,1,2
800716,801693,1,2
800716,801335,1,2
800716,801267,1,2
800716,801148,1,2
800716,1050460102,1,2
800716,905792,1,2
800716,902962,1,2
800716,869369,1,2
800716,840740,1,2
800716,828238,1,2
800685,817283,1,2
800685,814163,1,2
800685,812111,1,2
800685,804465,1,2
800685,800061,1,2
800896,1050160593,1,2
800896,928579,1,2
800896,924142,1,2
800896,909255,1,2
800896,820574,1,2
800896,802837,1,2
800896,801813,1,2
800896,801477,1,2
800296,1051356801,1,2
800296,1050119039,1,2
800296,903579,1,2
800296,902492,1,2
800296,830480,1,2
800296,809670,1,2
800296,807972,1,2
801382,1050268065,1,2
801382,1050091581,1,2
801382,924716,1,2
801382,817509,1,2
800213,821154,1,2
801085,801375,1,2
801085,801148,1,2
902501,801946,1,2
941319,1050015101,1,2
941319,817210,1,2
800618,822092,1,2
800618,814163,1,2
800618,806923,1,2
801235,802731,1,2
802743,815344,1,2
802743,801173,1,2
902504,807176,1,2
902504,801932,1,2
801804,1050119039,1,2
801804,907422,1,2
801804,830847,1,2
801882,928579,1,2
801882,814983,1,2
801882,800230,1,2
800003,801715,1,2
800003,800621,1,2
800114,1050098047,1,2
800114,914837,1,2
800114,840740,1,2
800288,860084,1,2
800288,817640,1,2
800288,802072,1,2
800288,801918,1,2
800288,801469,1,2
800009,1050669248,1,2
800009,813603,1,2
800173,814163,1,2
800173,813480,1,2
800173,807281,1,2
818556,905235,1,2
818556,903363,1,2
818556,817990,1,2
818556,802521,1,2
800329,932321,1,2
800329,803982,1,2
800329,801815,1,2
800329,801185,1,2
800434,904184,1,1
800434,843389,1,1
800434,816501,1,1
800434,807784,1,1
800434,806754,1,1
800434,804741,1,1
800434,804514,1,1
800434,803813,1,1
800434,801304,1,1
800434,1050263576,1,1
800434,1050003192,1,1
800716,808685,1,1
800716,807813,1,1
800716,807176,1,1
800716,801721,1,1
800716,801362,1,1
800716,903642,1,1
800716,903090,1,1
800716,821449,1,1
800716,815958,1,1
800685,1051670893,1,1
800685,1051062549,1,1
800685,1050115387,1,1
800685,934091,1,1
800685,822092,1,1
800685,818057,1,1
800685,810639,1,1
800685,805598,1,1
800685,804941,1,1
800685,803237,1,1
800896,908673,1,1
800896,903363,1,1
800896,902719,1,1
800896,852673,1,1
800896,804405,1,1
800896,802521,1,1
800896,801816,1,1
800896,801761,1,1
800896,801057,1,1
800296,927808,1,1
800296,924167,1,1
800296,904657,1,1
800296,820764,1,1
800296,801768,1,1
800296,801234,1,1
800296,800412,1,1
800296,800184,1,1
801382,1050340850,1,1
801382,1050156705,1,1
801382,825721,1,1
801382,820110,1,1
801382,818719,1,1
801382,817210,1,1
801382,813566,1,1
801382,811652,1,1
801382,807873,1,1
801382,802152,1,1
800213,812953,1,1
800213,802215,1,1
801085,800316,1,1
801085,1050303231,1,1
801085,840740,1,1
801085,808453,1,1
801085,801721,1,1
902501,905487,1,1
902501,830514,1,1
902501,817681,1,1
941319,1057471940,1,1
941319,815854,1,1
941319,804257,1,1
941319,801469,1,1
800827,1051054875,1,1
800827,924167,1,1
800827,903689,1,1
800827,903508,1,1
800827,820764,1,1
800827,809670,1,1
800618,910334,1,1
800618,819869,1,1
800618,809912,1,1
800618,802509,1,1
800618,801915,1,1
801235,1050263576,1,1
801235,1050100010,1,1
801235,1050080384,1,1
801235,876504,1,1
801235,809604,1,1
801235,805255,1,1
801235,802937,1,1
801235,801736,1,1
801235,801304,1,1
802743,1051062549,1,1
802743,919509,1,1
802743,821291,1,1
802743,819869,1,1
802743,819278,1,1
902504,905928,1,1
902504,805511,1,1
902504,801362,1,1
803587,803698,1,1
803587,801469,1,1
801804,832490,1,1
801804,820632,1,1
801882,824223,1,1
801882,817990,1,1
801882,801946,1,1
801882,801477,1,1
801882,801391,1,1
800003,1050202259,1,1
800003,936696,1,1
800003,804514,1,1
800003,803451,1,1
800003,801736,1,1
800114,905661,1,1
800114,903643,1,1
800114,823665,1,1
800114,807640,1,1
800114,805326,1,1
800114,803717,1,1
800114,802252,1,1
800114,801148,1,1
800288,1050306082,1,1
800288,837745,1,1
800288,810535,1,1
800288,804257,1,1
800009,907443,1,1
800009,903158,1,1
800009,822742,1,1
800009,802295,1,1
800009,801768,1,1
800009,800911,1,1
800173,1051670893,1,1
800173,911453,1,1
800173,911134,1,1
800173,822092,1,1
800173,818553,1,1
800173,817283,1,1
800173,814489,1,1
800173,805309,1,1
800173,804941,1,1
800173,803412,1,1
800173,801173,1,1
818556,905559,1,1
818556,905236,1,1
818556,824223,1,1
818556,820574,1,1
818556,817681,1,1
818556,814983,1,1
818556,802837,1,1
818556,800230,1,1
800323,803599,1,1
800323,800928,1,1
800323,800906,1,1
800323,800573,1,1
800329,800928,1,1
800329,800890,1,1
800329,800743,1,1
800329,800573,1,1
800329,800412,1,1
800329,800381,1,1
800329,903153,1,1
