"bodyid","type","predictedNt","role","somaSide","rootSide"
12653,"DA1_lPN","acetylcholine","olfactory_input","L",NA
13064,"DA1_lPN","acetylcholine","olfactory_input","R",NA
11816,"DA1_lPN","acetylcholine","olfactory_input","R",NA
11564,"DA1_lPN","acetylcholine","olfactory_input","L",NA
10075,"DA1_lPN","acetylcholine","olfactory_input","L",NA
13583,"DA1_lPN","acetylcholine","olfactory_input","L",NA
13483,"DA1_lPN","acetylcholine","olfactory_input","L",NA
11780,"DA1_lPN","acetylcholine","olfactory_input","R",NA
12122,"DA1_lPN","acetylcholine","olfactory_input","R",NA
11996,"DA1_lPN","acetylcholine","olfactory_input","R",NA
12340,"DA1_lPN","acetylcholine","olfactory_input","R",NA
12314,"DA1_lPN","acetylcholine","olfactory_input","L",NA
11721,"DA1_lPN","acetylcholine","olfactory_input","L",NA
12603,"DA1_vPN","gaba","olfactory_input","L",NA
13209,"DA1_vPN","gaba","olfactory_input","R",NA
