timesteps,minutes,episodes,mean_return,mean_len,mean_gates,mean_misses,mean_carve,mean_speed_err,fall_frac,mean_arc,mean_level
5120,0.74,14,-69.5765755,96.28571428571429,0.0,0.0,0.5714285714285714,0.8842763915080515,1.0,0.058397733448460686,15.0
10240,1.46,5,-11.0823624,343.0,0.0,0.0,9.0,1.4324323692248488,1.0,0.23899373961071574,15.0
15360,2.15,6,13.352043333333334,443.5,0.0,0.0,5.833333333333333,1.212264932926507,1.0,0.16050593112931047,15.0
20480,2.84,3,6.398559000000006,426.3333333333333,0.0,0.0,12.666666666666666,1.2014050156424296,1.0,5.953903807259952e-05,15.0
25600,3.53,12,121.32567733333333,810.8333333333334,0.0,0.0,4.75,0.6454826969470203,0.5833333333333334,0.23834420322366592,15.0
30720,4.22,7,102.45756442857143,756.7142857142857,0.0,0.0,14.714285714285714,1.027651137278353,0.7142857142857143,0.6490630698338425,15.0
35840,4.93,11,29.121221636363636,428.90909090909093,0.0,0.0,7.909090909090909,1.0774316454947455,0.8181818181818182,0.2943022006616011,15.0
40960,5.61,10,70.70821129999999,566.2,0.0,0.0,0.2,0.9554716301222126,0.7,0.0,15.0
46080,6.3,11,21.521607636363637,453.45454545454544,0.0,0.0,13.454545454545455,0.6653644797597967,0.9090909090909091,0.4016311985686936,15.0
51200,7.01,9,90.81401244444446,735.5555555555555,0.0,0.0,17.0,0.8240898172180136,0.7777777777777778,0.7100281450128507,15.0
56320,7.7,4,100.68614600000001,747.5,0.0,0.0,19.75,0.9754645742701347,0.75,0.5900438665164003,15.0
61440,8.41,2,-36.05663,220.0,0.0,0.0,11.0,1.5078736084130473,1.0,0.31210363439800975,15.0
66560,9.1,5,228.19961780000003,1177.2,0.0,0.0,16.8,0.9005803701487023,0.4,0.25948503217494184,15.0
71680,9.83,14,78.52344792857141,611.1428571428571,0.0,0.0,14.214285714285714,0.9228826018949808,0.6428571428571429,0.6406205788500109,15.0
76800,10.53,10,100.43053849999998,666.2,0.0,0.0,18.3,0.9756556028267811,0.6,0.6452118378159353,15.0
81920,11.26,12,10.065592666666666,397.3333333333333,0.0,0.0,5.166666666666667,1.1010589925326284,0.8333333333333334,0.3632624843605501,15.0
87040,12.04,10,61.3278865,587.7,0.0,0.0,7.1,1.4676499877812237,0.8,0.36494449979531274,15.0
