topology_mode,seed,best_score,weight_scale,v_thresh,tau_mem,gain,elapsed_sec
real,0,2.104869682722393,111.7755354590322,0.5850853759241749,11.300519990492097,1.4360666882043918,60.3
real,1,1.2365267469064882,53.26114045118251,0.21069919082862432,8.661749435834304,0.581732357378687,86.3
real,2,0.46514543417032583,10.862915543878374,0.2926342479961679,10.846221457459633,0.7590835971799448,94.0
real,3,1.1715314915569328,67.35119270253333,0.2103533954012095,9.119454176366732,0.3053788323569704,92.6
real,4,0.43356880732373665,82.39380461379359,0.2179238125167735,11.821345847144874,0.813843299152104,92.3
shuffled,0,0.3816887692061687,54.6611987541697,0.14580801696751222,7.136001075602411,0.9770389383114544,92.5
shuffled,1,0.4641780903762871,37.08488841091797,0.24125887289262513,15.350793066276148,0.4096389739447804,92.2
shuffled,2,1.180322813009176,31.880889452851196,0.21973467410207273,7.7628039596677505,0.9249177361722192,91.9
shuffled,3,1.159787314198697,29.270077987612495,0.2369238050666833,6.183441400104191,0.97665699113338,92.9
shuffled,4,1.3874708687894854,47.518429765474764,0.28480751868194526,7.925021291526979,0.8469207316086611,92.7
random,0,0.6441228338667413,33.7,0.26,9.9,0.76,92.5
random,1,0.5241363092009975,36.17314141191695,0.25418384177395,17.063952051117248,0.30153635163340425,96.0
random,2,1.6646685962818022,22.600681816754584,0.26066204253500147,9.582835758728496,1.6089616848393111,93.1
random,3,1.4923316090413945,27.28930194000103,0.24578970366102842,8.94604879064928,0.6205763167381615,94.5
random,4,0.27543782092840885,23.37693526438899,0.09830514336593385,6.681617399734773,0.8012798281841759,91.9
