topology_mode,seed,best_score,best_silent,silent_eval_frac,base_weight_scale,calib_rate,elapsed_sec
real,0,0.8351656451563207,False,0.243,45.0519,0.02,93.8
real,1,1.6359380371448282,False,0.135,45.0519,0.02,88.2
real,2,1.2903245526864644,False,0.0,45.0519,0.02,92.6
real,3,0.8233291836605602,False,0.162,45.0519,0.02,86.5
real,4,1.5963524115649146,False,0.297,45.0519,0.02,77.9
shuffled,0,1.6046707475794195,False,0.081,14.7368,0.02,79.5
shuffled,1,2.1072597564949147,False,0.054,15.8545,0.0199,78.2
shuffled,2,1.4551429554414657,False,0.0,7.6236,0.019,81.6
shuffled,3,1.562144512685406,False,0.081,20.1995,0.02,79.8
shuffled,4,1.281422783336683,False,0.27,30.228,0.02,80.2
random,0,0.7296766395807124,False,0.081,0.5167,0.0303,80.2
random,1,1.780661585823462,False,0.108,0.4273,0.02,81.2
random,2,0.83563710484198,False,0.0,1.0788,0.0201,81.1
random,3,0.7928697972340976,False,0.081,0.1,0.0065,78.6
random,4,1.4904380647169437,False,0.081,1.273,0.0201,80.2
