topology_mode,seed,best_score,elapsed_sec
real,0,2.4396379774827497,126.2
real,1,0.5940528583628208,146.8
real,2,0.5940528583628208,125.0
real,3,0.5940528583628208,126.1
real,4,1.549795034618289,125.2
shuffled,0,1.2318126385191577,125.4
shuffled,1,0.5940528583628208,132.3
shuffled,2,1.0690356941958246,124.4
shuffled,3,0.5940528583628208,126.4
shuffled,4,1.0811498485605622,126.2
random,0,0.5940528583628208,126.7
random,1,1.2119339326947383,127.2
random,2,2.423281885414358,126.1
random,3,2.8312641175726245,126.7
random,4,2.1344536328670225,126.4
