timesteps,minutes,episodes,mean_return,mean_len,mean_gates,mean_misses,mean_carve,mean_speed_err,fall_frac
2304,0.72,3,127.50358466666667,154.33333333333334,0.0,0.0,26.666666666666668,1.944058892609158,1.0
4608,1.53,9,340.8148391111111,394.8888888888889,0.0,0.0,83.55555555555556,2.3021782474719297,0.7777777777777778
6912,2.23,6,143.07192816666665,155.83333333333334,0.0,0.0,28.666666666666668,1.4232995742701953,1.0
9216,3.0,10,262.6402869,289.1,0.0,0.0,64.1,2.1452234182342402,0.7
11520,3.71,7,240.50319142857143,280.2857142857143,0.0,0.0,73.14285714285714,2.2452675199743277,0.8571428571428571
13824,4.41,6,310.3604298333333,317.8333333333333,0.0,0.0,57.0,1.839580144982787,0.6666666666666666
16128,5.13,7,291.96727457142856,343.85714285714283,0.0,0.0,78.57142857142857,2.50221725270793,0.5714285714285714
18432,5.89,9,289.4326445555555,320.77777777777777,0.0,0.0,57.888888888888886,1.8670392821783268,0.6666666666666666
20736,6.55,6,310.1156486666667,327.0,0.0,0.0,52.833333333333336,1.8164353323052334,0.5
23040,7.31,4,386.98587549999996,438.25,0.0,0.0,97.0,2.911123582766409,0.0
25344,8.0,7,372.44183842857143,383.0,0.0,0.0,67.85714285714286,1.8163292837998448,0.42857142857142855
27648,8.77,6,330.9336563333333,352.5,0.0,0.0,80.16666666666667,1.8349707230065164,0.8333333333333334
29952,9.43,8,322.86118525,334.5,0.0,0.0,72.75,1.8865464960848497,0.5
32256,10.12,7,324.4475317142857,345.42857142857144,0.0,0.0,64.0,1.7817964407479023,0.5714285714285714
34560,10.77,8,277.822597,303.5,0.0,0.0,70.0,2.132566860363362,0.5
36864,11.38,3,413.3300543333333,444.3333333333333,0.0,0.0,100.66666666666667,2.6827252654519858,0.0
39168,12.09,11,363.38011890909087,368.45454545454544,0.0,0.0,72.72727272727273,1.5898726813337127,0.36363636363636365
41472,12.74,6,256.633976,280.8333333333333,0.0,0.0,57.833333333333336,2.0307180467041364,0.8333333333333334
43776,13.44,5,370.70950600000003,384.4,0.0,0.0,84.4,2.043810664306558,0.4
46080,14.09,7,303.28688542857145,334.42857142857144,0.0,0.0,80.0,2.102542519612881,0.5714285714285714
48384,14.74,7,257.02717642857135,298.7142857142857,0.0,0.0,82.14285714285714,2.6757518622250296,0.5714285714285714
50688,15.42,5,389.2456074,377.2,0.0,0.0,73.6,1.60184193275582,0.2
52992,16.08,6,392.9778298333333,430.5,0.0,0.0,103.66666666666667,2.220803500936712,0.3333333333333333
55296,16.68,10,247.84760260000002,287.2,0.0,0.0,63.7,2.2846896770892684,0.5
57600,17.32,5,371.02012640000004,382.0,0.0,0.0,80.6,1.8902232116958313,0.4
59904,17.93,4,430.319432,441.75,0.0,0.0,86.5,1.8512564090266388,0.25
62208,18.6,7,424.4232028571429,414.57142857142856,0.0,0.0,81.28571428571429,1.7959076296088203,0.2857142857142857
64512,19.25,5,417.730671,397.6,0.0,0.0,77.4,1.4754260467003983,0.2
66816,19.87,7,319.7954361428572,372.2857142857143,0.0,0.0,76.14285714285714,2.3058184213047133,0.5714285714285714
69120,20.48,7,300.32057057142856,299.14285714285717,0.0,0.0,56.142857142857146,1.5020343921252308,0.5714285714285714
71424,21.11,5,471.7348468,425.2,0.0,0.0,97.6,1.289765888792475,0.6
73728,21.72,6,412.36155116666663,426.6666666666667,0.0,0.0,85.0,1.8189436047098786,0.5
76032,22.38,6,320.83102816666667,330.6666666666667,0.0,0.0,71.0,1.628798607964697,0.5
78336,23.03,8,367.368569375,369.5,0.0,0.0,81.5,1.6010071586093184,0.5
80640,23.64,5,326.9910186,328.8,0.0,0.0,71.4,1.5874625259206534,0.6
82944,24.24,8,386.811108625,388.875,0.0,0.0,84.625,1.6579241932382431,0.375
85248,24.82,3,416.6876233333333,402.6666666666667,0.0,0.0,59.666666666666664,1.2856040206824046,0.3333333333333333
87552,25.39,7,492.1148627142857,458.14285714285717,0.0,0.0,90.85714285714286,1.4537238045439924,0.0
89856,26.0,3,487.1704373333334,418.3333333333333,0.0,0.0,72.33333333333333,1.2673648488848535,0.0
92160,26.57,8,461.64320675,435.375,0.0,0.0,85.375,1.4817586912304974,0.0
94464,27.15,4,445.72693475,402.75,0.0,0.0,86.75,1.2379100382396633,0.5
96768,27.75,7,426.8945774285714,401.2857142857143,0.0,0.0,76.14285714285714,1.3052037906566447,0.14285714285714285
99072,28.33,5,395.3162438,392.6,0.0,0.0,74.8,1.4030407790974284,0.4
101376,28.9,6,466.92717433333337,427.0,0.0,0.0,94.0,1.592405642653634,0.5
103680,29.5,4,452.92500100000007,407.75,0.0,0.0,76.0,1.1885071645227376,0.25
105984,30.06,6,549.8978228333333,488.0,0.0,0.0,113.83333333333333,1.4463322129634717,0.16666666666666666
108288,30.65,6,457.9268513333334,392.8333333333333,0.0,0.0,80.33333333333333,1.1387364577762398,0.3333333333333333
110592,31.24,6,425.0436838333333,374.3333333333333,0.0,0.0,78.33333333333333,1.2195937023340573,0.5
112896,31.83,5,489.25219540000006,430.8,0.0,0.0,97.8,1.222555020404268,0.2
115200,32.4,6,461.3352151666666,390.5,0.0,0.0,69.5,1.0614081481665518,0.3333333333333333
117504,32.97,5,513.0328304,447.4,0.0,0.0,82.4,1.1173660398243306,0.0
119808,33.52,6,565.7120205000001,447.3333333333333,0.0,0.0,91.33333333333333,0.8233436247760223,0.0
122112,34.09,5,540.0053780000001,417.8,0.0,0.0,88.2,0.7723154657661591,0.0
124416,34.66,5,538.0022940000001,409.8,0.0,0.0,70.4,0.7681714509675002,0.2
126720,35.22,6,483.34072783333335,409.5,0.0,0.0,85.16666666666667,1.0296580554805714,0.16666666666666666
129024,35.8,6,523.0949321666667,443.6666666666667,0.0,0.0,82.66666666666667,1.0077622278257228,0.0
131328,36.37,3,515.3698166666667,421.6666666666667,0.0,0.0,77.33333333333333,0.8750824618344127,0.0
133632,36.97,6,559.960024,454.5,0.0,0.0,90.83333333333333,0.9322229061009919,0.3333333333333333
135936,37.56,4,545.4375405000001,431.5,0.0,0.0,90.25,0.8245020861235688,0.0
138240,38.14,8,591.849610875,458.0,0.0,0.0,91.875,0.8165849758526996,0.0
140544,38.71,6,539.7570999999999,394.5,0.0,0.0,74.33333333333333,0.698761052730343,0.16666666666666666
142848,39.31,3,635.3000689999999,488.6666666666667,0.0,0.0,103.66666666666667,0.7904197210708332,0.0
145152,39.91,7,545.8537574285714,427.85714285714283,0.0,0.0,91.14285714285714,0.8157642324792617,0.14285714285714285
145485,40.0,1,59.438595,51.0,0.0,0.0,12.0,0.4764288106859335,1.0
